dd691380c28d5c55a151e1e3582f1c5d84c3b1d3,MODIFY,regular-file,.env,630,7
7436f64146e87d2ebe6cacac33af0aeedcc798fb,MODIFY,regular-file,node_modules/body-parser/node_modules/mime-db/HISTORY.md,12581,338;346
eb9c42c457a3b42f3af43e37ed62de4d704c413a,MODIFY,regular-file,node_modules/body-parser/node_modules/mime-db/db.json,185882,847;2864;3879
6e6219158ed7591eb28f1d1ad0bff285cde6a0ab,MODIFY,regular-file,node_modules/cacache/package.json,1986,8
7436f64146e87d2ebe6cacac33af0aeedcc798fb,MODIFY,regular-file,node_modules/form-data/node_modules/mime-db/HISTORY.md,12581,338;346
eb9c42c457a3b42f3af43e37ed62de4d704c413a,MODIFY,regular-file,node_modules/form-data/node_modules/mime-db/db.json,185882,847;2864;3879
9f09140eb3031f2049b5e0ce68021ecfaad8a786,MODIFY,regular-file,node_modules/jake/lib/api.js,12216,236
0bd439a84e1a8c774f224f4d59de34c9edb8d8c4,MODIFY,regular-file,node_modules/jake/lib/jake.js,9697,238
1bd24c9b4e88bad3ce3777509a068b943fa0106e,MODIFY,regular-file,node_modules/jake/lib/parseargs.js,3753,112
121632fb18b38d4bad5e6bec1bb8ec5d86aa3bd8,MODIFY,regular-file,node_modules/jake/lib/program.js,6544,255
25f51ae4b0abb3b2a7e2a7a6c769eef14b3a2c3b,MODIFY,regular-file,node_modules/jake/lib/rule.js,7873,77;200;204
c433982e484f464f1013437d29fd9c22a33fb68e,MODIFY,regular-file,node_modules/jake/lib/task/task.js,12259,13
7a3ddd5ad10edee3ce2f34a36a9fb9e54f7e35e5,MODIFY,regular-file,node_modules/jake/test/unit/parseargs.js,5320,97;104;119;127;134;149;155
3a7825121eb61e3fa7c877517e38982b99f544ef,MODIFY,regular-file,node_modules/make-dir/index.d.ts,1534,7
13fa8fdd1ef23364dda037269154c1449f3ae71b,MODIFY,regular-file,node_modules/make-dir/readme.md,3096,95
dd2bfd007633ee18ab9b249b9280c8ff9343b817,MODIFY,regular-file,node_modules/mime-db/HISTORY.md,13121,352;360
aff954142907d5823dfb0ddec72840578b382ff2,MODIFY,regular-file,node_modules/mime-db/db.json,198481,993;3210;4297
74bd6df4a3cf289e357e4134abe651504aacb41d,MODIFY,regular-file,node_modules/re2/build/Release/.deps/Release/obj.target/re2/lib/accessors.o.d,15688,55;156
f57da14a208d24d679690f8c1e273be4a68556c1,MODIFY,regular-file,node_modules/re2/build/Release/.deps/Release/obj.target/re2/lib/addon.o.d,15660,55;156
224df89fa1b2f92331babe22dec716096f4509f0,MODIFY,regular-file,node_modules/re2/build/Release/.deps/Release/obj.target/re2/lib/exec.o.d,15653,55;156
4252c1463a190d0b7643af610c8653ab4cb0d24d,MODIFY,regular-file,node_modules/re2/build/Release/.deps/Release/obj.target/re2/lib/match.o.d,15660,55;156
e39ba0c50da7c79eda41a4cd9150bcffd5981eb2,MODIFY,regular-file,node_modules/re2/build/Release/.deps/Release/obj.target/re2/lib/new.o.d,15734,55;157
126662456bb25b99dbf25ced8af1fd3c4e6b7c09,MODIFY,regular-file,node_modules/re2/build/Release/.deps/Release/obj.target/re2/lib/replace.o.d,15674,55;156
5926478185638eb68d08a58c9db91b9ab2545ee7,MODIFY,regular-file,node_modules/re2/build/Release/.deps/Release/obj.target/re2/lib/search.o.d,15667,55;156
39ed51a35082a0e0cdef9452eb6be59cdef604fa,MODIFY,regular-file,node_modules/re2/build/Release/.deps/Release/obj.target/re2/lib/split.o.d,15660,55;156
81f2d0ed4bc6cd984b1fcdd8988775d2832d21ba,MODIFY,regular-file,node_modules/re2/build/Release/.deps/Release/obj.target/re2/lib/test.o.d,15653,55;156
9efe0aab8f8bf841a76b87461c7608138171e5b0,MODIFY,regular-file,node_modules/re2/build/Release/.deps/Release/obj.target/re2/lib/to_string.o.d,15688,55;156
34449f794cd2cdfbf5543a013c4bda8927377dfe,MODIFY,regular-file,node_modules/re2/build/Release/.deps/Release/obj.target/re2/lib/util.o.d,15690,55;157
b0279bb295cca3c3ee064cd7abd25c6dd27c1902,MODIFY,regular-file,node_modules/re2/vendor/re2/.github/workflows/ci-bazel.yml,493,20
297e897afc23f977b2ad25f1412516773e957084,MODIFY,regular-file,node_modules/re2/vendor/re2/.github/workflows/pages.yml,1045,23
0ae6ef3947a6cec5ca254f8aff6c040fb8576f2a,MODIFY,regular-file,node_modules/re2/vendor/re2/.github/workflows/python.yml,8351,40;96;147
7436f64146e87d2ebe6cacac33af0aeedcc798fb,MODIFY,regular-file,node_modules/send/node_modules/mime-db/HISTORY.md,12581,338;346
eb9c42c457a3b42f3af43e37ed62de4d704c413a,MODIFY,regular-file,node_modules/send/node_modules/mime-db/db.json,185882,847;2864;3879
